
{
  "description": "Bogus Results",
  "db_adaptor": "Bio::DB::SeqFeature::Store",
  "db_args": { "-adaptor": "memory",
	       "-dir": "."},


  "TRACK DEFAULTS": {
    "class": "feature"
  },

  "tracks": [

    {
      "track":               "BOGUS_raw_input",
      "key":                 "BOGUS raw input",
      "feature":            ["bogus_raw_input"],
      "autocomplete":        "all",
      "class":               "frag_align"
    },

    {
      "track":               "BOGUS_span_input",
      "key":                 "BOGUS span input",
      "feature":            ["bogus_span_input"],
      "autocomplete":        "all",
      "class":               "frag_align"
    },

    {
      "track":               "BOGUS_rept_input",
      "key":                 "BOGUS rept input",
      "feature":            ["bogus_rept_input"],
      "autocomplete":        "all",
      "class":               "frag_align"
    },

    {
      "track":               "BOGUS_uniq_input",
      "key":                 "BOGUS uniq input",
      "feature":            ["bogus_uniq_input"],
      "autocomplete":        "all",
      "class":               "frag_align"
    },


    {
      "track":               "BOGUS_rept_interval",
      "key":                 "BOGUS rept interval",
      "feature":            ["bogus_rept_interval"],
      "autocomplete":        "all",
      "class":               "rept_interval",
      "subfeatures":          true,
      "subfeature_classes": {"bogus_sepr_interval": "sepr_interval"},
      "clientConfig": {
          "labelScale": 1000000
      }
    },

    {
      "track":               "BOGUS_uniq_interval",
      "key":                 "BOGUS uniq interval",
      "feature":            ["bogus_uniq_interval"],
      "autocomplete":        "all",
      "class":               "uniq_interval",
      "subfeatures":          true,
      "subfeature_classes": {"bogus_weak_interval": "weak_interval"},
      "clientConfig": {
          "labelScale": 1000000
      }
    },


    {
      "track":               "BOGUSNESS",
      "key":                 "BOGUSNESS",
      "feature":            ["bogusness_span"],
      "autocomplete":        "all",
      "class":               "bogusness_span",
      "subfeatures":          true,
      "subfeature_classes": {"bogusness_match": "bogusness_match"},
      "clientConfig": {
          "labelScale": 1000000
      }
    },

    {
      "track":               "BOGUSNESS_repeat",
      "key":                 "BOGUSNESS repeat",
      "feature":            ["bogusness_repeat"],
      "autocomplete":        "all",
      "class":               "bogusness_repeat"
    }

  ]
}
